{"accuracy": [0.5852860808372498, 0.7806539535522461, 0.8692098259925842, 0.9277929067611694, 0.9604904651641846, 0.9741144180297852, 0.9833787679672241, 0.9910081624984741, 0.9880108833312988, 0.9899182319641113, 0.9959127902984619, 0.9912806749343872, 0.9956403374671936, 0.9983651041984558], "loss": [1.9843816757202148, 0.7353423237800598, 0.4499160945415497, 0.2786458134651184, 0.19038458168506622, 0.13574445247650146, 0.10609377175569534, 0.0816197469830513, 0.08434160053730011, 0.07693803310394287, 0.06308457255363464, 0.07192818820476532, 0.06193464249372482, 0.050628457218408585], "val_accuracy": [0.7215909361839294, 0.8011363744735718, 0.8446969985961914, 0.8478535413742065, 0.8611111044883728, 0.8680555820465088, 0.875, 0.8743686676025391, 0.872474730014801, 0.8699495196342468, 0.881313145160675, 0.8522727489471436, 0.8781565427780151, 0.879419207572937], "val_loss": [0.8891825079917908, 0.6883059144020081, 0.6081023812294006, 0.5854218006134033, 0.5949543118476868, 0.5988831520080566, 0.6139382123947144, 0.6381758451461792, 0.6358374953269958, 0.6590964794158936, 0.6975653767585754, 0.7280715703964233, 0.6523973345756531, 0.6373066902160645]}